"","groups_m","batch","sex_m","gfcv","samplename"
"CF11","CVF","1","F","C","CF11"
"CF21","CVF","1","F","C","CF21"
"CF22","CVF","2","F","C","CF22"
"CF31","CVF","1","F","C","CF31"
"CF32","CVF","2","F","C","CF32"
"CF41","CVF","1","F","C","CF41"
"CF42","CVF","2","F","C","CF42"
"CF51","CVF","1","F","C","CF51"
"CF52","CVF","2","F","C","CF52"
"CM11","CVM","1","M","C","CM11"
"CM12","CVM","2","M","C","CM12"
"CM21","CVM","1","M","C","CM21"
"CM22","CVM","2","M","C","CM22"
"CM31","CVM","1","M","C","CM31"
"CM32","CVM","2","M","C","CM32"
"CM41","CVM","1","M","C","CM41"
"CM42","CVM","2","M","C","CM42"
"CM51","CVM","1","M","C","CM51"
"CM52","CVM","2","M","C","CM52"
"GF11","GFF","1","F","G","GF11"
"GF12","GFF","2","F","G","GF12"
"GF21","GFF","1","F","G","GF21"
"GF22","GFF","2","F","G","GF22"
"GF31","GFF","1","F","G","GF31"
"GF32","GFF","2","F","G","GF32"
"GF41","GFF","1","F","G","GF41"
"GF42","GFF","2","F","G","GF42"
"GF51","GFF","1","F","G","GF51"
"GM11","GFM","1","M","G","GM11"
"GM12","GFM","2","M","G","GM12"
"GM21","GFM","1","M","G","GM21"
"GM22","GFM","2","M","G","GM22"
"GM31","GFM","1","M","G","GM31"
"GM32","GFM","2","M","G","GM32"
"GM41","GFM","1","M","G","GM41"
"GM42","GFM","2","M","G","GM42"
"GM51","GFM","1","M","G","GM51"
"GM52","GFM","2","M","G","GM52"
